id;user_name;password;url_login;profile_firefox;profile_chrome;last_update;owner;actived
1;Forward TCP copying;engage SCSI;invoice;invoice Engineer;functionalities Pound Gloves;2021-12-17T14:12:30;visionary;1
2;bypassing wireless;Chips;responsive Islands Metal;payment Refined incentivize;global Rapid Beauty;2021-12-17T10:22:48;Legacy;1
3;Expanded Villages;lime;Tools Steel;lime;Plastic Lithuania streamline;2021-12-17T13:01:44;e-services silver;1
4;Savings;Manager Granite;Beauty relationships Clothing;background;Investment Vision-oriented calculating;2021-12-17T06:59:32;methodologies RSS;1
5;Marketing Harbors;bluetooth Plastic;Profit-focused;payment;Jewelery;2021-12-17T12:21:47;bus protocol;1
6;blue Computers Tasty;Oregon;Towels Utah access;Common index;withdrawal matrix;2021-12-17T17:21:51;user-centric;1
7;extensible Pants;Kazakhstan Assistant auxiliary;Fantastic;Officer compress;Division;2021-12-17T15:39:41;Loan;1
8;Money open Buckinghamshire;Tools demand-driven Fish;Niue;Associate blue Louisiana;Chips generation American;2021-12-18T00:05:50;repurpose;1
9;Agent grey;harness;transmit Circles;Kyat;reboot;2021-12-17T05:50:35;strategy optimize;1
10;strategic application Turkish;Interactions;cutting-edge Account;parsing;Somoni;2021-12-17T07:51:37;calculate matrix;1
