id;content;image;image_content_type;owner
1;Berkshire implementation;../fake-data/blob/hipster.png;image/png;contextually-based interfaces
2;cross-platform Refined Chair;../fake-data/blob/hipster.png;image/png;Rubber
3;generating;../fake-data/blob/hipster.png;image/png;Account
4;SQL Forward Infrastructure;../fake-data/blob/hipster.png;image/png;best-of-breed
5;Checking maximize Designer;../fake-data/blob/hipster.png;image/png;Clothing Sleek
6;Soft Product;../fake-data/blob/hipster.png;image/png;olive web-enabled
7;quantifying;../fake-data/blob/hipster.png;image/png;viral Massachusetts Assurance
8;Gloves;../fake-data/blob/hipster.png;image/png;online Developer
9;Loan payment;../fake-data/blob/hipster.png;image/png;engage
10;Ghana partnerships innovate;../fake-data/blob/hipster.png;image/png;process Phased
