id;task_name;description;source;price;type
1;(Chagos Gorgeous Frozen;Car;systemic THX;55462;Stream
2;array Lats;turquoise global;collaboration Refined;32653;Stream
3;olive Bedfordshire;Michigan Refined Branding;Assistant;24219;NonStream
4;plug-and-play;Handmade deposit Meadow;Garden Refined Leone;41182;NonStream
5;Bedfordshire haptic Monaco;Internal monitor;standardization;57071;Stream
6;Market De-engineered Lebanon;Guadeloupe;model;82813;NonStream
7;strategize;invoice Bedfordshire Corporate;drive Team-oriented;75233;NonStream
8;frictionless Small Account;bluetooth primary;mobile THX generating;42795;Stream
9;grow Beauty Re-contextualized;global;Cheese digital Baby;64222;NonStream
10;Account;indexing strategize withdrawal;International;13538;NonStream
